"","date","util"
"1",2015-10-31 08:48:00,1.208
"2",2015-10-30 20:28:00,12.334
"3",2015-10-31 13:58:00,1.86
"4",2015-11-02 10:08:00,0.882
"5",2015-10-29 04:08:00,2.384
"6",2015-10-29 00:08:00,15.256
"7",2015-10-31 10:48:00,1.118
"8",2015-11-01 19:53:00,8.33
"9",2015-10-29 05:53:00,1.66
"10",2015-10-30 05:58:00,1.51
"11",2015-11-02 02:18:00,8.86
"12",2015-11-02 03:33:00,4.224
"13",2015-11-01 23:58:00,21.974
"14",2015-10-28 23:18:00,20.368
"15",2015-10-31 21:33:00,32.54
"16",2015-10-29 17:18:00,4.014
"17",2015-11-02 18:58:00,3.606
"18",2015-11-01 00:38:00,36.812
"19",2015-11-02 08:53:00,0.89
"20",2015-10-29 11:13:00,1.002
"21",2015-10-31 16:03:00,5.152
"22",2015-11-01 10:23:00,1.056
"23",2015-10-30 21:43:00,26.608
"24",2015-10-30 21:03:00,15.942
"25",2015-11-02 20:53:00,5.358
"26",2015-11-02 07:43:00,1.01
"27",2015-11-02 19:13:00,3.558
"28",2015-10-31 23:23:00,45.698
"29",2015-10-30 08:23:00,1.068
"30",2015-11-02 01:13:00,17.5
"31",2015-10-29 09:38:00,0.892
"32",2015-10-29 11:38:00,1.092
"33",2015-11-01 14:08:00,1.966
"34",2015-10-31 10:38:00,0.926
"35",2015-10-31 15:33:00,3.634
"36",2015-11-02 14:23:00,1.042
"37",2015-10-30 06:53:00,1.04
"38",2015-11-01 13:38:00,1.49
"39",2015-11-02 05:13:00,2.754
"40",2015-11-02 13:58:00,1.198
"41",2015-10-30 18:38:00,5.68
"42",2015-10-31 06:53:00,1.47
"43",2015-10-28 23:28:00,17.358
"44",2015-10-30 10:53:00,0.984
"45",2015-10-31 07:38:00,1.09
"46",2015-10-30 11:58:00,1.158
"47",2015-10-29 12:43:00,1.4
"48",2015-10-30 23:33:00,41.568
"49",2015-11-02 00:38:00,19.012
"50",2015-11-01 08:58:00,1.11
"51",2015-10-31 12:03:00,1.5
"52",2015-11-01 04:18:00,4.75
"53",2015-11-01 05:13:00,3.784
"54",2015-10-29 15:08:00,2.9
"55",2015-10-30 23:53:00,38.792
"56",2015-11-01 07:13:00,2
"57",2015-10-31 19:18:00,13.018
"58",2015-11-02 22:03:00,7.476
"59",2015-10-31 07:33:00,1.558
"60",2015-10-30 19:48:00,6.982
"61",2015-10-30 23:23:00,41.824
"62",2015-11-02 16:28:00,2.684
"63",2015-11-02 00:08:00,21.468
"64",2015-10-30 19:18:00,6.016
"65",2015-10-29 07:53:00,1.068
"66",2015-10-30 21:38:00,21.554
"67",2015-11-02 20:43:00,4.4
"68",2015-10-30 20:18:00,12.734
"69",2015-11-02 23:08:00,9.698
"70",2015-10-31 14:18:00,2.242
"71",2015-10-31 05:43:00,3.102
"72",2015-11-01 21:13:00,14.5
"73",2015-11-01 13:48:00,1.474
"74",2015-10-30 14:33:00,3.716
"75",2015-10-30 15:13:00,3.308
"76",2015-10-30 15:08:00,3.65
"77",2015-10-29 02:33:00,6.076
"78",2015-11-01 03:23:00,7.676
"79",2015-10-30 01:23:00,9.608
"80",2015-10-31 22:43:00,43.824
"81",2015-11-02 22:13:00,8.56
"82",2015-10-30 10:43:00,0.956
"83",2015-10-30 07:23:00,1.126
"84",2015-10-29 11:18:00,1.008
"85",2015-11-01 01:18:00,22.108
"86",2015-10-31 05:53:00,2.426
"87",2015-10-29 07:33:00,1.224
"88",2015-10-31 11:03:00,0.936
"89",2015-11-01 08:38:00,1.136
"90",2015-10-30 07:08:00,1.14
"91",2015-11-01 12:23:00,1.002
"92",2015-10-30 06:13:00,1.78
"93",2015-10-30 18:28:00,5.7
"94",2015-10-29 11:58:00,0.984
"95",2015-11-02 04:03:00,4.208
"96",2015-10-31 18:08:00,8.21
"97",2015-11-02 15:03:00,1.71
"98",2015-10-30 06:43:00,1.048
"99",2015-10-31 09:28:00,0.892
"100",2015-10-29 02:38:00,4.432
"101",2015-10-30 10:23:00,0.832
"102",2015-10-31 14:48:00,2.668
"103",2015-10-31 18:28:00,8.876
"104",2015-10-29 01:38:00,10.694
"105",2015-11-02 01:53:00,11.118
"106",2015-10-31 16:38:00,5.342
"107",2015-10-31 11:08:00,1.258
"108",2015-10-30 16:53:00,5.34
"109",2015-10-31 23:53:00,42.482
"110",2015-10-31 23:33:00,49.038
"111",2015-10-29 06:28:00,1.076
"112",2015-11-02 10:28:00,1.25
"113",2015-10-29 15:13:00,4.36
"114",2015-11-01 03:43:00,6.832
"115",2015-10-29 23:53:00,19.744
"116",2015-11-01 07:33:00,1.51
"117",2015-11-02 21:53:00,8.432
"118",2015-11-02 11:43:00,0.896
"119",2015-11-01 23:28:00,24.518
"120",2015-10-29 01:43:00,8.868
"121",2015-10-29 04:48:00,1.636
"122",2015-10-31 03:33:00,7.518
"123",2015-10-31 12:43:00,1.366
"124",2015-11-01 18:28:00,7.25
"125",2015-10-30 13:48:00,2.234
"126",2015-11-01 04:28:00,3.916
"127",2015-11-02 05:58:00,1.984
"128",2015-11-01 10:03:00,0.976
"129",2015-10-31 20:13:00,23.012
"130",2015-10-31 14:33:00,1.92
"131",2015-10-30 12:48:00,1.466
"132",2015-10-29 15:33:00,3.38
"133",2015-11-02 05:08:00,2.05
"134",2015-11-02 09:03:00,0.856
"135",2015-10-30 18:08:00,5.518
"136",2015-10-29 14:03:00,2.06
"137",2015-10-29 13:23:00,1.574
"138",2015-10-31 22:23:00,44.158
"139",2015-11-01 17:23:00,5.426
"140",2015-11-02 06:23:00,1.628
"141",2015-11-02 04:13:00,3.576
"142",2015-10-29 04:53:00,2.502
"143",2015-11-01 00:13:00,39.966
"144",2015-10-29 18:28:00,5.384
"145",2015-11-02 17:13:00,3.882
"146",2015-11-02 15:43:00,2.158
"147",2015-10-30 05:28:00,1.576
"148",2015-11-02 18:38:00,3.854
"149",2015-10-30 13:38:00,1.434
"150",2015-11-01 18:23:00,7.026
"151",2015-10-29 18:03:00,4.796
"152",2015-11-02 07:58:00,0.924
"153",2015-10-30 16:33:00,4.882
"154",2015-11-01 09:03:00,1.06
"155",2015-10-29 20:03:00,8.442
"156",2015-10-30 05:43:00,1.872
"157",2015-10-31 22:53:00,43.816
"158",2015-10-31 10:23:00,1.042
"159",2015-11-02 00:28:00,19.56
"160",2015-10-31 22:13:00,41.634
"161",2015-11-02 10:33:00,0.872
"162",2015-11-01 11:48:00,1.186
"163",2015-10-30 04:43:00,2.734
"164",2015-10-29 11:53:00,1.134
"165",2015-11-01 14:28:00,1.666
"166",2015-11-01 08:23:00,1.294
"167",2015-10-28 23:43:00,14.252
"168",2015-10-30 01:53:00,8.534
"169",2015-10-31 05:38:00,3.05
"170",2015-10-29 05:18:00,2.084
"171",2015-10-29 08:38:00,1.09
"172",2015-10-30 17:03:00,3.624
"173",2015-11-01 05:18:00,3.974
"174",2015-10-31 06:33:00,1.674
"175",2015-10-30 07:58:00,1.032
"176",2015-11-01 00:53:00,28
"177",2015-11-01 08:33:00,1.198
"178",2015-10-31 15:23:00,3.774
"179",2015-11-01 13:13:00,1.216
"180",2015-10-30 17:13:00,4.746
"181",2015-10-31 07:43:00,0.926
"182",2015-11-01 23:08:00,28.292
"183",2015-11-01 22:33:00,20.24
"184",2015-10-29 07:08:00,1.034
"185",2015-11-02 22:28:00,10.658
"186",2015-10-29 16:13:00,4.584
"187",2015-10-31 03:13:00,7.096
"188",2015-10-29 11:33:00,0.9
"189",2015-10-31 16:43:00,5.31
"190",2015-10-29 19:38:00,6.75
"191",2015-11-02 11:53:00,0.85
"192",2015-11-02 05:38:00,2.092
"193",2015-11-02 20:18:00,4.808
"194",2015-10-30 12:38:00,1.116
"195",2015-11-01 20:53:00,10.918
"196",2015-11-01 21:53:00,19.99
"197",2015-10-31 08:28:00,1.112
"198",2015-10-29 11:03:00,1.076
"199",2015-10-29 09:23:00,1
"200",2015-10-31 12:18:00,1.22
"201",2015-11-01 21:08:00,16.87
"202",2015-11-02 03:23:00,5.316
"203",2015-11-01 17:53:00,6.524
"204",2015-10-30 00:53:00,13.622
"205",2015-10-30 23:03:00,45.526
"206",2015-11-01 01:28:00,22.308
"207",2015-10-29 18:38:00,5.152
"208",2015-11-01 17:13:00,4.078
"209",2015-10-31 22:08:00,45.616
"210",2015-10-31 16:18:00,4.54
"211",2015-11-01 20:43:00,11.108
"212",2015-11-02 07:53:00,1.008
"213",2015-11-01 18:33:00,8.194
"214",2015-10-29 20:08:00,7.308
"215",2015-11-01 06:43:00,2.51
"216",2015-10-30 08:18:00,1.068
"217",2015-10-29 06:53:00,1.206
"218",2015-11-01 20:23:00,12.318
"219",2015-11-02 15:38:00,2.072
"220",2015-10-29 20:28:00,8.376
"221",2015-10-30 15:53:00,4.334
"222",2015-11-01 05:38:00,3.308
"223",2015-10-31 15:58:00,4.832
"224",2015-10-31 20:08:00,23.016
"225",2015-10-31 16:13:00,4.192
"226",2015-10-31 12:13:00,1.166
"227",2015-10-30 06:38:00,1.148
"228",2015-10-31 05:48:00,2.64
"229",2015-10-31 02:38:00,10.116
"230",2015-10-31 03:28:00,6.988
"231",2015-11-01 15:13:00,2.25
"232",2015-10-30 03:13:00,4.464
"233",2015-10-29 11:48:00,0.99
"234",2015-10-30 03:53:00,3.25
"235",2015-10-29 19:48:00,7.17
"236",2015-10-30 21:33:00,21.152
"237",2015-10-31 10:33:00,0.96
"238",2015-10-30 20:03:00,8.532
"239",2015-10-31 14:13:00,1.724
"240",2015-10-31 14:23:00,2.016
"241",2015-10-31 11:28:00,0.868
"242",2015-10-30 03:38:00,4.318
"243",2015-10-31 09:03:00,1.144
"244",2015-11-02 07:33:00,1.066
"245",2015-11-01 20:33:00,13.126
"246",2015-11-02 04:48:00,2.514
"247",2015-10-31 08:33:00,1.022
"248",2015-10-29 10:33:00,0.976
"249",2015-11-02 19:33:00,3.142
"250",2015-10-31 19:33:00,16.582
"251",2015-10-30 01:18:00,13.946
"252",2015-10-31 11:53:00,1.058
"253",2015-10-29 19:23:00,5.634
"254",2015-10-30 22:48:00,46.942
"255",2015-11-01 09:43:00,1.048
"256",2015-11-01 17:33:00,6.392
"257",2015-10-30 03:23:00,3.858
"258",2015-10-29 20:23:00,9.892
"259",2015-11-01 14:13:00,1.426
"260",2015-10-29 12:38:00,1.692
"261",2015-10-29 09:18:00,0.994
"262",2015-10-30 01:43:00,9.15
"263",2015-10-30 04:53:00,2.022
"264",2015-10-30 06:03:00,1.536
"265",2015-11-01 01:38:00,20.208
"266",2015-11-01 22:48:00,25.034
"267",2015-11-02 12:08:00,0.924
"268",2015-10-29 23:13:00,22.428
"269",2015-10-31 17:58:00,9.658
"270",2015-10-31 03:18:00,6.768
"271",2015-10-30 00:18:00,17.656
"272",2015-10-29 06:08:00,1.466
"273",2015-11-02 00:18:00,19.432
"274",2015-10-31 20:58:00,31.998
"275",2015-10-30 15:58:00,5.306
"276",2015-10-29 04:23:00,2.652
"277",2015-11-02 17:03:00,2.726
"278",2015-10-31 16:53:00,5.732
"279",2015-11-01 17:43:00,5.45
"280",2015-10-29 14:48:00,2.332
"281",2015-11-01 16:23:00,4.01
"282",2015-10-31 14:03:00,1.918
"283",2015-11-02 13:33:00,1.06
"284",2015-10-30 02:58:00,5.282
"285",2015-11-01 20:58:00,12.526
"286",2015-10-30 11:38:00,0.97
"287",2015-10-29 07:28:00,1.1
"288",2015-10-31 17:53:00,7.608
"289",2015-10-30 09:08:00,1.042
"290",2015-11-02 13:03:00,1.082
"291",2015-10-30 23:13:00,47.766
"292",2015-11-01 22:58:00,20.556
"293",2015-10-29 16:48:00,4.126
"294",2015-10-30 13:03:00,1.748
"295",2015-10-31 23:03:00,45.8
"296",2015-10-30 01:33:00,10.224
"297",2015-10-30 05:18:00,1.852
"298",2015-10-31 07:13:00,1.324
"299",2015-10-31 00:43:00,33.792
"300",2015-10-31 21:48:00,34.308
"301",2015-11-02 14:33:00,1.266
"302",2015-10-30 17:48:00,4.868
"303",2015-10-29 22:38:00,18.142
"304",2015-10-31 13:48:00,1.96
"305",2015-11-01 01:03:00,21.568
"306",2015-10-30 09:53:00,0.968
"307",2015-10-31 13:53:00,1.702
"308",2015-10-29 21:23:00,16.058
"309",2015-10-31 02:13:00,12.336
"310",2015-10-30 14:58:00,2.758
"311",2015-11-02 23:03:00,10.468
"312",2015-10-30 03:58:00,3.342
"313",2015-10-30 13:13:00,1.418
"314",2015-11-01 06:53:00,1.876
"315",2015-10-31 13:43:00,1.568
"316",2015-10-29 21:03:00,13.95
"317",2015-10-31 21:18:00,31.39
"318",2015-10-29 22:28:00,17.618
"319",2015-10-31 17:48:00,7.044
"320",2015-11-02 16:03:00,2.348
"321",2015-10-31 00:38:00,36.006
"322",2015-10-30 20:38:00,14.984
"323",2015-10-30 04:13:00,2.75
"324",2015-11-01 21:23:00,16.06
"325",2015-11-01 03:38:00,7.478
"326",2015-10-31 11:33:00,1.076
"327",2015-10-31 17:13:00,7.624
"328",2015-10-29 13:53:00,1.708
"329",2015-10-30 05:23:00,1.626
"330",2015-11-01 17:03:00,6.008
"331",2015-10-31 10:13:00,0.986
"332",2015-10-29 11:08:00,1.258
"333",2015-10-30 12:43:00,1.292
"334",2015-10-30 13:33:00,1.698
"335",2015-10-30 18:33:00,6.442
"336",2015-11-01 09:48:00,0.916
"337",2015-10-30 04:18:00,2.874
"338",2015-10-29 16:38:00,4.406
"339",2015-11-01 02:43:00,12.064
"340",2015-11-02 03:38:00,4.342
"341",2015-11-02 09:48:00,0.882
"342",2015-11-02 16:48:00,2.574
"343",2015-11-01 08:13:00,1.218
"344",2015-10-31 09:33:00,0.858
"345",2015-10-31 03:03:00,9.09
"346",2015-11-01 09:53:00,1.316
"347",2015-10-31 09:13:00,0.986
"348",2015-10-29 06:03:00,1.542
"349",2015-10-30 20:33:00,13.458
"350",2015-10-30 14:08:00,2.734
"351",2015-10-31 13:18:00,1.666
"352",2015-11-01 18:18:00,6.62
"353",2015-11-02 15:28:00,1.592
"354",2015-10-29 09:33:00,0.886
"355",2015-11-02 18:33:00,3.042
"356",2015-11-02 00:48:00,18.292
"357",2015-11-02 04:18:00,3.282
"358",2015-10-30 17:38:00,5.21
"359",2015-10-30 19:33:00,6.74
"360",2015-10-30 00:38:00,14.512
"361",2015-10-30 15:48:00,5.226
"362",2015-10-29 05:03:00,2.066
"363",2015-10-31 23:13:00,49.258
"364",2015-10-28 23:38:00,16.342
"365",2015-10-29 09:48:00,0.92
"366",2015-10-29 23:03:00,20.474
"367",2015-10-31 20:18:00,27.11
"368",2015-11-01 05:03:00,4.442
"369",2015-10-29 18:33:00,4.89
"370",2015-11-02 08:58:00,0.892
"371",2015-10-30 10:13:00,0.968
"372",2015-10-29 05:48:00,1.732
"373",2015-10-30 04:03:00,3.478
"374",2015-11-01 18:13:00,8.08
"375",2015-11-01 06:08:00,2.528
"376",2015-10-29 00:03:00,17.608
"377",2015-10-31 04:03:00,5.84
"378",2015-11-01 08:08:00,1.2
"379",2015-10-31 02:43:00,10.442
"380",2015-11-01 22:08:00,22.576
"381",2015-10-30 02:23:00,7.214
"382",2015-10-29 04:43:00,2.01
"383",2015-10-29 03:38:00,3.26
"384",2015-10-29 14:18:00,1.874
"385",2015-10-31 19:23:00,15.284
"386",2015-10-31 09:48:00,0.884
"387",2015-11-01 16:28:00,3.918
"388",2015-10-30 03:18:00,4.468
"389",2015-11-02 07:28:00,1.01
"390",2015-10-31 00:03:00,36.524
"391",2015-11-01 17:48:00,5.99
"392",2015-10-31 14:08:00,1.7
"393",2015-11-01 14:53:00,1.468
"394",2015-11-02 13:23:00,1.002
"395",2015-10-29 00:28:00,14.24
"396",2015-10-29 02:13:00,7.374
"397",2015-10-30 07:53:00,1.016
"398",2015-11-01 06:03:00,3.224
"399",2015-11-02 17:08:00,2.976
"400",2015-11-02 20:08:00,4.408
"401",2015-11-01 01:53:00,16.416
"402",2015-11-01 17:08:00,5.41
"403",2015-10-29 08:53:00,0.976
"404",2015-11-02 22:33:00,9.466
"405",2015-10-29 22:18:00,18.792
"406",2015-11-01 19:03:00,8.082
"407",2015-10-30 00:58:00,11.224
"408",2015-10-29 13:43:00,1.406
"409",2015-10-29 06:13:00,1.266
"410",2015-10-30 11:23:00,1.2
"411",2015-10-30 08:58:00,1.042
"412",2015-11-02 19:38:00,3.692
"413",2015-11-01 14:23:00,1.274
"414",2015-10-30 09:33:00,0.95
"415",2015-11-02 19:18:00,3.76
"416",2015-10-30 00:13:00,21.76
"417",2015-11-01 06:23:00,2.57
"418",2015-10-29 16:23:00,3.75
"419",2015-10-30 08:33:00,0.992
"420",2015-10-30 02:48:00,5.62
"421",2015-10-30 08:48:00,0.982
"422",2015-10-31 02:33:00,10.592
"423",2015-11-01 05:28:00,3.124
"424",2015-10-30 02:53:00,4.31
"425",2015-10-31 19:48:00,15.208
"426",2015-11-01 04:53:00,4.51
"427",2015-10-30 12:08:00,1.224
"428",2015-10-29 08:23:00,0.978
"429",2015-10-31 15:18:00,3.324
"430",2015-11-02 01:48:00,11.696
"431",2015-10-29 08:28:00,1.084
"432",2015-11-02 15:08:00,1.64
"433",2015-11-02 10:53:00,0.882
"434",2015-11-01 00:33:00,34.042
"435",2015-10-29 02:18:00,6.546
"436",2015-11-02 21:33:00,6.976
"437",2015-10-30 11:13:00,1.108
"438",2015-10-29 12:18:00,1.016
"439",2015-11-01 15:38:00,2.556
"440",2015-10-31 04:23:00,5.37
"441",2015-10-31 10:18:00,0.944
"442",2015-10-30 21:13:00,18.914
"443",2015-10-31 18:13:00,8.974
"444",2015-10-29 20:33:00,9.066
"445",2015-10-30 20:53:00,16.14
"446",2015-10-29 04:03:00,3.1
"447",2015-10-29 10:28:00,0.912
"448",2015-11-02 16:33:00,2.936
"449",2015-10-30 07:33:00,0.888
"450",2015-11-01 21:03:00,16.134
"451",2015-10-30 12:33:00,1.184
"452",2015-11-02 13:08:00,1.096
"453",2015-10-31 22:18:00,46.192
"454",2015-11-02 08:23:00,0.99
"455",2015-10-31 12:48:00,1.248
"456",2015-10-30 19:38:00,7.16
"457",2015-10-31 00:23:00,38.952
"458",2015-11-02 10:23:00,0.956
"459",2015-10-29 01:48:00,7.766
"460",2015-10-31 17:33:00,7.424
"461",2015-10-30 09:43:00,0.976
"462",2015-11-02 05:48:00,2.166
"463",2015-11-01 16:48:00,4.926
"464",2015-10-31 12:53:00,1.158
"465",2015-10-31 02:23:00,14.302
"466",2015-10-30 14:43:00,4.21
"467",2015-11-01 04:08:00,5.158
"468",2015-11-01 13:23:00,1.2
"469",2015-11-01 18:08:00,6.866
"470",2015-11-01 19:58:00,8.858
"471",2015-10-30 05:48:00,1.762
"472",2015-10-31 19:08:00,13.032
"473",2015-11-01 05:23:00,3.658
"474",2015-11-02 05:43:00,2.534
"475",2015-10-31 18:33:00,9.502
"476",2015-10-29 23:38:00,17.802
"477",2015-10-30 10:58:00,1.11
"478",2015-10-29 21:48:00,15.002
"479",2015-10-31 22:33:00,43.614
"480",2015-10-31 03:58:00,4.862
"481",2015-10-31 16:48:00,5.834
"482",2015-10-31 15:43:00,4.458
"483",2015-10-31 15:03:00,3.718
"484",2015-11-02 11:13:00,0.874
"485",2015-10-30 11:28:00,1.198
"486",2015-11-02 18:18:00,4.14
"487",2015-10-31 00:58:00,29.706
"488",2015-10-29 05:38:00,1.6
"489",2015-11-02 07:13:00,1.16
"490",2015-10-30 07:38:00,0.914
"491",2015-10-30 07:28:00,1.102
"492",2015-11-01 06:33:00,2.352
"493",2015-11-01 04:58:00,4.88
"494",2015-11-01 04:43:00,4.99
"495",2015-11-01 22:28:00,22.55
"496",2015-10-29 06:43:00,1.278
"497",2015-10-29 13:58:00,2.09
"498",2015-11-01 02:38:00,10.068
"499",2015-11-02 01:43:00,14.076
"500",2015-11-02 21:38:00,7.132
"501",2015-10-31 00:18:00,37.418
"502",2015-11-01 03:18:00,9.226
"503",2015-11-01 21:33:00,18.56
"504",2015-10-30 19:23:00,6.348
"505",2015-11-01 08:03:00,1.216
"506",2015-10-29 19:43:00,7.076
"507",2015-10-31 04:33:00,4.424
"508",2015-10-30 00:33:00,14.666
"509",2015-10-30 11:48:00,1.316
"510",2015-10-31 18:03:00,9.426
"511",2015-10-31 18:43:00,9.19
"512",2015-10-30 22:28:00,39.898
"513",2015-11-01 14:03:00,1.426
"514",2015-11-01 02:23:00,12.296
"515",2015-10-31 04:13:00,5.61
"516",2015-10-30 19:13:00,6.842
"517",2015-11-02 09:28:00,0.848
"518",2015-10-31 23:08:00,47.518
"519",2015-10-30 22:08:00,25.744
"520",2015-10-30 00:03:00,18.108
"521",2015-11-02 07:23:00,1.186
"522",2015-10-31 23:58:00,41.886
"523",2015-10-29 21:33:00,15.134
"524",2015-11-02 08:33:00,0.942
"525",2015-10-29 15:28:00,3.382
"526",2015-11-01 16:53:00,4.266
"527",2015-11-02 21:08:00,6.512
"528",2015-11-02 04:33:00,3.46
"529",2015-10-29 13:48:00,1.616
"530",2015-10-31 03:23:00,7.132
"531",2015-11-01 11:33:00,1.124
"532",2015-10-30 10:48:00,1.18
"533",2015-10-29 00:18:00,14.75
"534",2015-10-31 07:53:00,1.134
"535",2015-11-02 14:18:00,1.284
"536",2015-10-30 10:38:00,0.894
"537",2015-10-30 05:38:00,1.816
"538",2015-10-31 04:43:00,4.024
"539",2015-10-29 10:48:00,0.86
"540",2015-10-31 08:03:00,1.226
"541",2015-11-02 01:58:00,9.45
"542",2015-10-29 06:48:00,1.376
"543",2015-10-29 05:08:00,2.124
"544",2015-11-01 22:03:00,23.808
"545",2015-10-31 21:28:00,34.652
"546",2015-10-31 13:28:00,1.918
"547",2015-10-29 16:08:00,4.84
"548",2015-10-30 02:03:00,7.708
"549",2015-11-02 08:03:00,0.926
"550",2015-11-02 00:53:00,21.32
"551",2015-11-01 11:28:00,1.078
"552",2015-10-30 15:38:00,3.958
"553",2015-11-01 17:28:00,5.668
"554",2015-10-29 10:58:00,1.468
"555",2015-10-29 23:08:00,20.872
"556",2015-11-01 11:18:00,1.05
"557",2015-11-02 12:28:00,0.882
"558",2015-11-02 20:23:00,5.042
"559",2015-10-31 07:28:00,1.618
"560",2015-11-01 02:53:00,10.012
"561",2015-10-31 02:03:00,15.02
"562",2015-11-01 12:38:00,1.042
"563",2015-10-31 16:58:00,5.838
"564",2015-11-01 04:23:00,5.244
"565",2015-11-02 06:38:00,1.936
"566",2015-10-29 00:53:00,11.39
"567",2015-11-01 02:33:00,12.5
"568",2015-10-30 16:23:00,3.91
"569",2015-11-01 05:58:00,2.834
"570",2015-11-01 10:13:00,1.156
"571",2015-11-02 01:38:00,12.448
"572",2015-10-29 05:58:00,1.38
"573",2015-11-02 03:28:00,4.934
"574",2015-10-30 08:53:00,1.044
"575",2015-10-31 20:28:00,28.958
"576",2015-10-30 22:18:00,37.622
"577",2015-11-01 23:23:00,25.732
"578",2015-10-30 00:43:00,15.282
"579",2015-10-29 22:33:00,18
"580",2015-10-31 04:53:00,3.75
"581",2015-10-30 08:03:00,1.05
"582",2015-10-29 11:28:00,0.906
"583",2015-10-31 06:43:00,1.99
"584",2015-11-01 14:58:00,1.956
"585",2015-10-30 16:13:00,3.934
"586",2015-10-30 22:33:00,36.24
"587",2015-10-29 08:48:00,0.892
"588",2015-10-29 23:23:00,19.648
"589",2015-11-01 11:58:00,1.134
"590",2015-10-30 06:33:00,2.086
"591",2015-11-02 22:23:00,9.394
"592",2015-11-02 14:28:00,1.026
"593",2015-10-30 01:08:00,13.648
"594",2015-10-29 22:53:00,17.492
"595",2015-11-01 09:08:00,0.882
"596",2015-11-02 13:18:00,1.032
"597",2015-10-31 04:28:00,4.81
"598",2015-10-30 15:33:00,3.958
"599",2015-10-31 01:43:00,17.31
"600",2015-10-29 18:13:00,5.626
"601",2015-10-31 05:23:00,3.058
"602",2015-11-01 08:48:00,1.182
"603",2015-11-02 07:03:00,1.15
"604",2015-10-28 23:58:00,18.262
"605",2015-10-30 02:33:00,4.776
"606",2015-10-29 23:33:00,22.368
"607",2015-10-31 11:13:00,1.11
"608",2015-10-29 19:33:00,6.966
"609",2015-10-30 04:23:00,3.4
"610",2015-11-02 04:38:00,3.55
"611",2015-11-02 06:53:00,1.324
"612",2015-10-31 17:08:00,6.26
"613",2015-11-02 01:03:00,18.25
"614",2015-10-31 06:58:00,1.596
"615",2015-11-01 00:43:00,29.342
"616",2015-11-01 23:03:00,26.574
"617",2015-10-31 15:48:00,3.89
"618",2015-10-31 09:38:00,0.906
"619",2015-10-31 14:28:00,2.578
"620",2015-10-29 02:58:00,4.858
"621",2015-10-31 04:08:00,5.294
"622",2015-11-01 10:53:00,0.968
"623",2015-11-01 06:38:00,2.104
"624",2015-10-31 19:28:00,15.908
"625",2015-11-02 11:48:00,0.86
"626",2015-11-02 12:53:00,0.908
"627",2015-11-01 11:53:00,1
"628",2015-11-02 02:53:00,8.068
"629",2015-10-30 23:08:00,40.91
"630",2015-11-02 02:43:00,7.682
"631",2015-10-29 04:18:00,3.29
"632",2015-10-29 03:03:00,4.412
"633",2015-10-31 01:58:00,14.578
"634",2015-10-30 12:23:00,1.392
"635",2015-10-30 12:13:00,1.2
"636",2015-10-30 00:48:00,15.154
"637",2015-10-31 20:33:00,25.952
"638",2015-11-02 22:58:00,10.24
"639",2015-10-31 08:18:00,1.05
"640",2015-11-02 08:18:00,0.942
"641",2015-11-01 05:08:00,3.6
"642",2015-10-31 04:38:00,3.732
"643",2015-11-02 09:38:00,1.024
"644",2015-10-29 08:03:00,1.25
"645",2015-10-29 22:43:00,20.724
"646",2015-10-30 13:43:00,1.674
"647",2015-10-29 09:28:00,0.926
"648",2015-11-01 23:43:00,24.248
"649",2015-10-30 11:03:00,1.048
"650",2015-10-29 13:38:00,1.694
"651",2015-11-02 03:43:00,3.634
"652",2015-10-30 02:08:00,7.36
"653",2015-11-01 20:08:00,10.286
"654",2015-10-29 15:03:00,3.402
"655",2015-11-01 00:18:00,37.892
"656",2015-11-02 08:43:00,0.884
"657",2015-10-30 11:33:00,0.984
"658",2015-11-02 10:38:00,0.962
"659",2015-10-29 05:23:00,1.79
"660",2015-10-29 00:38:00,14.55
"661",2015-11-02 10:48:00,0.824
"662",2015-10-29 17:58:00,4.36
"663",2015-10-29 07:43:00,1.108
"664",2015-10-29 08:13:00,0.984
"665",2015-11-01 14:48:00,1.626
"666",2015-10-29 20:53:00,10.742
"667",2015-11-02 21:23:00,5.832
"668",2015-10-29 22:03:00,17.336
"669",2015-10-30 20:43:00,15.82
"670",2015-11-01 22:18:00,23.734
"671",2015-11-02 04:28:00,3.568
"672",2015-10-29 03:28:00,3.558
"673",2015-10-31 15:28:00,3.526
"674",2015-10-30 09:13:00,1.15
"675",2015-11-02 02:28:00,8.3
"676",2015-11-01 19:33:00,8.288
"677",2015-10-29 05:13:00,1.932
"678",2015-10-30 08:38:00,0.9
"679",2015-11-01 16:58:00,5.116
"680",2015-10-30 13:08:00,1.574
"681",2015-10-29 15:23:00,3.358
"682",2015-11-02 15:48:00,3.134
"683",2015-10-30 17:33:00,5.068
"684",2015-11-02 05:03:00,2.508
"685",2015-11-01 19:48:00,9.932
"686",2015-11-02 15:13:00,1.284
"687",2015-10-30 17:23:00,6.484
"688",2015-10-29 09:43:00,0.952
"689",2015-10-31 13:03:00,1.558
"690",2015-11-02 04:23:00,2.71
"691",2015-10-29 17:43:00,4.508
"692",2015-10-31 17:03:00,5.75
"693",2015-10-28 23:33:00,14.248
"694",2015-10-31 01:53:00,15.152
"695",2015-10-29 04:38:00,2.584
"696",2015-10-30 20:48:00,16.152
"697",2015-10-29 06:58:00,1.034
"698",2015-10-30 15:03:00,3.21
"699",2015-10-30 16:43:00,4.574
"700",2015-10-31 04:48:00,4.682
"701",2015-10-31 18:58:00,11.158
"702",2015-11-01 04:33:00,4.228
"703",2015-10-29 08:33:00,0.986
"704",2015-11-01 02:28:00,11.902
"705",2015-10-30 23:58:00,31.806
"706",2015-10-29 18:08:00,5.34
"707",2015-10-30 22:03:00,30.148
"708",2015-11-01 09:18:00,1.124
"709",2015-10-29 10:38:00,0.96
"710",2015-10-29 17:28:00,3.564
"711",2015-10-29 14:08:00,1.86
"712",2015-11-02 16:53:00,2.438
"713",2015-10-30 19:08:00,6.274
"714",2015-11-02 10:43:00,0.84
"715",2015-11-01 03:48:00,6.224
"716",2015-11-02 14:43:00,2.766
"717",2015-10-31 11:48:00,0.958
"718",2015-10-30 16:58:00,4.226
"719",2015-10-31 19:03:00,12.35
"720",2015-11-02 08:28:00,1.044
"721",2015-11-01 10:28:00,0.976
"722",2015-10-29 00:13:00,14.284
"723",2015-11-02 02:13:00,10.566
"724",2015-10-30 12:28:00,1.45
"725",2015-10-31 05:08:00,3.166
"726",2015-10-29 18:58:00,5.778
"727",2015-10-29 06:18:00,1.134
"728",2015-10-31 12:33:00,1.24
"729",2015-10-29 07:38:00,1.074
"730",2015-11-02 17:18:00,3.65
"731",2015-11-01 12:03:00,1.076
"732",2015-11-02 19:53:00,4.642
"733",2015-10-29 00:23:00,14.7
"734",2015-11-02 13:38:00,1.724
"735",2015-11-02 12:03:00,1.006
"736",2015-10-30 09:18:00,1.064
"737",2015-10-30 02:38:00,5.61
"738",2015-11-02 07:18:00,1.208
"739",2015-10-31 15:38:00,3.85
"740",2015-10-29 21:53:00,15.292
"741",2015-10-29 16:58:00,4.05
"742",2015-10-29 09:13:00,0.992
"743",2015-11-02 13:28:00,1.136
"744",2015-11-02 20:58:00,4.932
"745",2015-10-30 10:08:00,1.018
"746",2015-11-02 11:58:00,0.956
"747",2015-11-01 07:38:00,1.436
"748",2015-11-02 09:43:00,0.892
"749",2015-11-02 09:58:00,0.974
"750",2015-10-29 03:33:00,3.184
"751",2015-10-31 13:13:00,1.618
"752",2015-10-31 21:53:00,33.456
"753",2015-11-01 05:48:00,3.776
"754",2015-11-01 20:28:00,12.346
"755",2015-11-02 06:33:00,1.506
"756",2015-10-29 07:23:00,1.068
"757",2015-11-02 18:53:00,3.35
"758",2015-10-30 03:33:00,2.792
"759",2015-11-01 01:58:00,17.466
"760",2015-11-01 11:03:00,1.036
"761",2015-10-31 12:58:00,1.358
"762",2015-10-31 22:48:00,40.716
"763",2015-10-29 22:58:00,16.8
"764",2015-10-30 05:13:00,2.068
"765",2015-10-29 06:38:00,1.128
"766",2015-11-02 02:48:00,6.576
"767",2015-10-31 01:23:00,19.16
"768",2015-10-30 16:38:00,4.226
"769",2015-10-31 04:18:00,5.084
"770",2015-11-01 00:58:00,24.84
"771",2015-10-29 12:08:00,1.058
"772",2015-10-30 08:43:00,0.934
"773",2015-10-31 16:23:00,4.502
"774",2015-10-31 17:23:00,6.466
"775",2015-11-02 14:38:00,1.366
"776",2015-10-30 10:03:00,0.984
"777",2015-10-31 07:18:00,1.416
"778",2015-10-30 13:53:00,2.352
"779",2015-11-02 03:13:00,6.19
"780",2015-11-01 10:08:00,0.982
"781",2015-11-01 13:18:00,1.318
"782",2015-10-29 05:33:00,1.992
"783",2015-10-30 16:08:00,3.936
"784",2015-10-30 17:28:00,4.108
"785",2015-11-01 13:28:00,1.368
"786",2015-11-02 10:13:00,0.832
"787",2015-10-29 17:03:00,4.34
"788",2015-11-02 03:08:00,6.338
"789",2015-10-31 10:28:00,1.218
"790",2015-10-29 13:03:00,1.234
"791",2015-10-30 16:28:00,4.676
"792",2015-10-31 12:08:00,1.484
"793",2015-10-31 22:58:00,41.576
"794",2015-11-01 07:58:00,1.456
"795",2015-10-31 06:13:00,2.576
"796",2015-11-01 11:43:00,1.114
"797",2015-11-02 17:53:00,2.784
"798",2015-10-29 13:33:00,1.266
"799",2015-10-30 14:38:00,3.202
"800",2015-10-29 02:28:00,5.824
"801",2015-10-31 07:08:00,1.066
"802",2015-10-31 20:48:00,28.168
"803",2015-11-01 01:13:00,24.628
"804",2015-10-30 05:33:00,1.99
"805",2015-10-31 21:38:00,41.432
"806",2015-11-02 16:23:00,2.856
"807",2015-10-30 00:08:00,15.552
"808",2015-10-29 19:18:00,6.234
"809",2015-10-31 10:43:00,0.934
"810",2015-10-29 02:23:00,5.572
"811",2015-11-02 20:03:00,4.524
"812",2015-10-30 18:23:00,4.888
"813",2015-10-30 03:03:00,4.648
"814",2015-11-01 15:03:00,2.1
"815",2015-10-30 07:03:00,1.366
"816",2015-10-31 03:38:00,6.05
"817",2015-10-29 20:43:00,11.292
"818",2015-11-02 13:53:00,1.152
"819",2015-10-30 03:08:00,4.408
"820",2015-10-31 17:18:00,5.928
"821",2015-11-01 13:53:00,1.514
"822",2015-11-01 07:18:00,1.374
"823",2015-11-01 22:13:00,23.724
"824",2015-10-29 16:28:00,3.894
"825",2015-10-29 15:43:00,3.2
"826",2015-10-30 07:13:00,1.442
"827",2015-10-31 22:03:00,45.25
"828",2015-11-02 06:18:00,1.446
"829",2015-11-01 00:48:00,22.718
"830",2015-11-01 01:48:00,17.928
"831",2015-10-30 03:48:00,4.174
"832",2015-10-30 02:28:00,5.74
"833",2015-10-30 23:28:00,43.31
"834",2015-10-31 09:43:00,0.862
"835",2015-10-30 01:58:00,7.91
"836",2015-11-01 04:13:00,5.256
"837",2015-11-01 10:48:00,1.266
"838",2015-10-30 14:13:00,2.674
"839",2015-10-30 08:28:00,1.034
"840",2015-10-30 19:53:00,9.092
"841",2015-11-01 20:38:00,11.16
"842",2015-10-30 21:48:00,29.984
"843",2015-10-31 23:38:00,47.358
"844",2015-10-29 04:13:00,4.044
"845",2015-10-31 08:08:00,1.164
"846",2015-11-01 15:28:00,2.676
"847",2015-10-29 23:48:00,21.482
"848",2015-11-01 22:43:00,26.682
"849",2015-11-01 19:43:00,7.906
"850",2015-10-31 18:53:00,10.84
"851",2015-10-30 19:28:00,7.256
"852",2015-11-01 10:18:00,1.016
"853",2015-11-02 04:58:00,2.434
"854",2015-10-29 02:53:00,5.232
"855",2015-11-01 00:08:00,40.838
"856",2015-11-02 05:18:00,2.384
"857",2015-11-01 20:13:00,12.802
"858",2015-11-02 11:33:00,0.968
"859",2015-10-31 02:53:00,7.684
"860",2015-11-01 05:33:00,3.092
"861",2015-11-01 12:58:00,1.49
"862",2015-11-01 00:28:00,40.728
"863",2015-10-28 23:48:00,14.492
"864",2015-10-31 11:23:00,0.994
"865",2015-11-01 12:08:00,0.892
"866",2015-11-01 23:13:00,26.56
"867",2015-10-31 16:33:00,4.852
"868",2015-10-29 13:13:00,1.486
"869",2015-10-30 06:18:00,1.416
"870",2015-10-31 04:58:00,3.442
"871",2015-10-29 14:53:00,3.48
"872",2015-10-29 17:33:00,3.498
"873",2015-11-02 23:13:00,11.054
"874",2015-11-02 06:28:00,1.472
"875",2015-11-02 17:23:00,3.268
"876",2015-10-29 16:43:00,4.206
"877",2015-10-30 22:23:00,34.552
"878",2015-10-31 06:23:00,2.62
"879",2015-10-31 02:28:00,14.524
"880",2015-10-29 23:28:00,19.384
"881",2015-11-02 06:48:00,1.34
"882",2015-10-31 19:58:00,21.45
"883",2015-10-31 23:43:00,50.434
"884",2015-10-29 08:43:00,0.904
"885",2015-11-01 04:38:00,4.656
"886",2015-10-31 13:33:00,1.374
"887",2015-10-29 21:38:00,15.654
"888",2015-11-01 14:33:00,1.474
"889",2015-10-29 23:58:00,21.298
"890",2015-11-02 02:33:00,8.234
"891",2015-10-30 09:58:00,0.942
"892",2015-10-30 11:18:00,1
"893",2015-10-29 12:48:00,1.31
"894",2015-11-01 02:18:00,13.926
"895",2015-10-31 03:08:00,7.856
"896",2015-11-01 02:08:00,16.916
"897",2015-10-30 21:28:00,20.5
"898",2015-10-30 00:23:00,15.576
"899",2015-10-31 07:03:00,1.37
"900",2015-11-01 06:13:00,2.286
"901",2015-10-30 23:38:00,42.018
"902",2015-10-29 15:58:00,4.418
"903",2015-10-30 08:13:00,1.144
"904",2015-10-30 14:28:00,2.61
"905",2015-10-31 07:48:00,1.284
"906",2015-10-30 17:53:00,7.8
"907",2015-10-29 10:13:00,1.016
"908",2015-11-02 11:18:00,1.098
"909",2015-10-30 17:08:00,4.626
"910",2015-10-29 07:58:00,1.148
"911",2015-10-29 21:43:00,13.766
"912",2015-10-30 12:58:00,1.43
"913",2015-10-29 18:48:00,5.884
"914",2015-11-01 22:53:00,23.034
"915",2015-10-29 12:28:00,1.226
"916",2015-11-01 21:18:00,14.86
"917",2015-11-01 03:28:00,7.454
"918",2015-10-30 16:03:00,4.268
"919",2015-11-02 02:38:00,7.048
"920",2015-11-01 03:33:00,7.674
"921",2015-10-31 01:03:00,26.31
"922",2015-11-01 17:58:00,6.526
"923",2015-11-01 05:53:00,3.016
"924",2015-11-01 12:43:00,1.148
"925",2015-11-02 06:58:00,1.374
"926",2015-11-01 05:43:00,2.74
"927",2015-10-30 14:53:00,3.104
"928",2015-10-29 18:43:00,5.634
"929",2015-10-31 10:53:00,0.952
"930",2015-10-31 11:38:00,1.098
"931",2015-11-02 17:33:00,3.51
"932",2015-10-30 12:18:00,1.394
"933",2015-10-29 12:58:00,1.184
"934",2015-10-31 14:38:00,1.974
"935",2015-11-01 19:28:00,7.576
"936",2015-10-31 00:08:00,34.168
"937",2015-10-31 16:28:00,5.082
"938",2015-10-29 03:53:00,2.876
"939",2015-10-30 10:33:00,1.108
"940",2015-11-02 03:53:00,3.23
"941",2015-10-29 07:13:00,1.052
"942",2015-10-29 17:23:00,3.826
"943",2015-10-30 21:18:00,21.658
"944",2015-11-01 12:33:00,1.232
"945",2015-10-30 18:43:00,6.428
"946",2015-10-29 03:08:00,4.062
"947",2015-11-01 07:08:00,1.858
"948",2015-10-29 01:18:00,9.648
"949",2015-11-02 21:43:00,6.968
"950",2015-10-29 09:03:00,1.018
"951",2015-10-30 02:43:00,5.958
"952",2015-10-29 01:58:00,7.072
"953",2015-11-01 09:28:00,1.034
"954",2015-11-01 15:58:00,2.844
"955",2015-11-01 09:13:00,0.96
"956",2015-11-01 18:03:00,6.942
"957",2015-10-31 17:38:00,6.874
"958",2015-11-01 15:08:00,1.926
"959",2015-10-30 21:58:00,27.418
"960",2015-10-29 06:33:00,1.058
"961",2015-10-29 17:38:00,4.526
"962",2015-11-02 14:03:00,1.184
"963",2015-11-01 13:43:00,1.646
"964",2015-11-02 00:23:00,19.978
"965",2015-11-02 00:58:00,20.174
"966",2015-10-29 17:53:00,4.318
"967",2015-11-01 13:08:00,1.308
"968",2015-11-02 17:58:00,4.034
"969",2015-10-30 10:18:00,0.926
"970",2015-10-29 17:13:00,3.81
"971",2015-10-30 14:48:00,3.234
"972",2015-10-31 10:08:00,1.002
"973",2015-10-30 11:43:00,1.01
"974",2015-10-29 02:08:00,7.132
"975",2015-10-31 05:03:00,3.116
"976",2015-11-02 12:23:00,1.002
"977",2015-10-31 13:38:00,1.716
"978",2015-11-02 19:23:00,3.938
"979",2015-11-02 06:08:00,1.626
"980",2015-10-31 03:53:00,5.19
"981",2015-11-02 18:23:00,3.44
"982",2015-10-31 06:08:00,2.374
"983",2015-10-31 17:28:00,6.624
"984",2015-10-31 14:53:00,2.814
"985",2015-10-30 07:48:00,1.216
"986",2015-10-30 08:08:00,0.916
"987",2015-10-29 21:18:00,15.892
"988",2015-10-31 02:18:00,13.324
"989",2015-10-29 04:28:00,2.358
"990",2015-11-01 16:18:00,3.716
"991",2015-11-02 09:18:00,0.898
"992",2015-11-01 16:43:00,5.066
"993",2015-10-31 09:08:00,1.002
"994",2015-10-29 19:03:00,5.878
"995",2015-10-31 18:48:00,9.182
"996",2015-11-02 01:08:00,16.448
"997",2015-11-02 05:53:00,2.158
"998",2015-10-29 10:53:00,0.994
"999",2015-10-29 00:48:00,13.392
"1000",2015-10-30 06:48:00,1.032
"1001",2015-11-02 15:58:00,2.832
"1002",2015-11-02 16:38:00,3.474
"1003",2015-10-29 03:18:00,3.482
"1004",2015-11-01 21:43:00,20.662
"1005",2015-11-02 03:48:00,4.72
"1006",2015-10-31 01:48:00,17.132
"1007",2015-11-02 04:53:00,2.334
"1008",2015-11-02 17:43:00,3.266
"1009",2015-10-31 08:58:00,1.066
"1010",2015-11-02 06:13:00,1.584
"1011",2015-11-01 15:43:00,3.292
"1012",2015-10-31 08:43:00,0.944
"1013",2015-11-01 03:53:00,6.056
"1014",2015-11-02 02:58:00,6.45
"1015",2015-11-01 11:08:00,1.132
"1016",2015-11-01 23:53:00,18.392
"1017",2015-11-02 20:13:00,5.318
"1018",2015-10-28 23:53:00,17.484
"1019",2015-11-01 16:13:00,4.41
"1020",2015-10-29 10:43:00,0.966
"1021",2015-10-31 05:28:00,3.468
"1022",2015-10-30 09:48:00,1.114
"1023",2015-10-30 22:58:00,43.884
"1024",2015-10-31 20:23:00,28.86
"1025",2015-10-30 14:03:00,2.25
"1026",2015-11-01 12:53:00,1.056
"1027",2015-11-02 02:23:00,7.242
"1028",2015-10-31 14:43:00,2.898
"1029",2015-11-02 20:33:00,4.676
"1030",2015-10-31 18:23:00,9.11
"1031",2015-11-02 08:08:00,0.9
"1032",2015-10-29 03:58:00,3.022
"1033",2015-11-02 10:58:00,1.024
"1034",2015-11-02 07:48:00,1.158
"1035",2015-10-30 17:18:00,4.152
"1036",2015-10-30 05:08:00,2.1
"1037",2015-11-01 03:03:00,9.444
"1038",2015-10-31 21:08:00,26.95
"1039",2015-11-02 12:43:00,0.978
"1040",2015-10-30 04:28:00,2.702
"1041",2015-10-30 01:28:00,11.002
"1042",2015-10-31 21:23:00,32.942
"1043",2015-10-30 04:08:00,3.392
"1044",2015-10-30 15:43:00,4.818
"1045",2015-10-30 23:48:00,36.518
"1046",2015-10-30 18:18:00,5.476
"1047",2015-10-30 13:28:00,1.878
"1048",2015-10-31 15:13:00,3.66
"1049",2015-11-02 18:43:00,3.282
"1050",2015-10-30 20:08:00,8.708
"1051",2015-10-30 18:03:00,4.944
"1052",2015-11-01 19:13:00,8.716
"1053",2015-10-29 21:28:00,14.33
"1054",2015-10-29 21:58:00,15.494
"1055",2015-10-31 12:38:00,1.366
"1056",2015-11-02 21:18:00,6.656
"1057",2015-10-31 19:38:00,15.752
"1058",2015-10-30 01:03:00,12.724
"1059",2015-11-02 09:13:00,0.916
"1060",2015-10-30 23:18:00,40.974
"1061",2015-10-30 03:43:00,4.09
"1062",2015-11-01 20:03:00,11.134
"1063",2015-10-31 01:13:00,23.768
"1064",2015-10-29 12:13:00,1.314
"1065",2015-11-01 01:23:00,26.182
"1066",2015-10-31 21:13:00,32.436
"1067",2015-10-29 12:53:00,1.134
"1068",2015-11-01 22:38:00,22.232
"1069",2015-10-29 22:08:00,15.724
"1070",2015-10-30 06:23:00,1.134
"1071",2015-10-29 01:28:00,9.422
"1072",2015-10-30 02:13:00,6.548
"1073",2015-11-01 20:48:00,12.058
"1074",2015-10-30 09:03:00,0.952
"1075",2015-10-30 15:18:00,3.726
"1076",2015-11-01 06:18:00,2.126
"1077",2015-10-29 19:58:00,10.274
"1078",2015-10-29 14:13:00,1.794
"1079",2015-11-02 00:33:00,18.842
"1080",2015-10-31 21:58:00,38.734
"1081",2015-11-02 11:28:00,0.992
"1082",2015-11-01 06:48:00,2.042
"1083",2015-11-02 17:28:00,2.966
"1084",2015-11-02 22:18:00,8.39
"1085",2015-10-29 07:48:00,1.1
"1086",2015-11-02 18:48:00,3.226
"1087",2015-11-02 02:08:00,9.162
"1088",2015-10-30 01:48:00,8.786
"1089",2015-10-29 14:58:00,4.374
"1090",2015-11-01 16:03:00,2.992
"1091",2015-11-01 14:43:00,2.072
"1092",2015-10-28 23:23:00,16.456
"1093",2015-10-31 23:28:00,47.73
"1094",2015-10-29 02:03:00,7.632
"1095",2015-10-31 00:13:00,32.104
"1096",2015-10-30 20:58:00,16.018
"1097",2015-10-29 16:03:00,4.064
"1098",2015-10-29 04:58:00,2.6
"1099",2015-11-02 18:08:00,3.364
"1100",2015-10-29 10:08:00,1.134
"1101",2015-10-29 18:53:00,5.858
"1102",2015-10-31 06:03:00,2.776
"1103",2015-11-02 05:23:00,2.234
"1104",2015-11-02 21:13:00,5.842
"1105",2015-11-01 01:33:00,20.344
"1106",2015-11-02 07:38:00,1.374
"1107",2015-10-29 00:58:00,12.276
"1108",2015-10-31 11:58:00,1.184
"1109",2015-10-30 19:43:00,7.698
"1110",2015-11-01 01:43:00,15.832
"1111",2015-10-29 01:13:00,9.72
"1112",2015-11-02 12:13:00,0.934
"1113",2015-10-29 08:18:00,1.214
"1114",2015-10-29 13:08:00,1.752
"1115",2015-10-31 20:53:00,35.29
"1116",2015-10-30 04:33:00,2.508
"1117",2015-11-01 09:33:00,0.934
"1118",2015-10-29 21:08:00,14.046
"1119",2015-10-29 16:33:00,4.414
"1120",2015-10-29 10:18:00,0.91
"1121",2015-11-02 22:43:00,7.994
"1122",2015-11-01 18:43:00,7.876
"1123",2015-10-31 05:33:00,3.4
"1124",2015-10-31 09:18:00,0.858
"1125",2015-11-02 20:28:00,4.956
"1126",2015-11-02 19:58:00,4.124
"1127",2015-11-02 16:58:00,2.46
"1128",2015-10-29 09:53:00,1.144
"1129",2015-10-31 12:28:00,1.234
"1130",2015-11-02 03:18:00,6.568
"1131",2015-10-31 05:13:00,3.158
"1132",2015-10-29 19:28:00,6.48
"1133",2015-11-01 07:53:00,1.276
"1134",2015-11-01 19:38:00,7.258
"1135",2015-11-01 15:23:00,2.358
"1136",2015-10-29 02:48:00,4.508
"1137",2015-11-01 17:18:00,4.424
"1138",2015-10-29 22:48:00,14.892
"1139",2015-11-02 00:13:00,21.546
"1140",2015-11-01 03:58:00,7.326
"1141",2015-10-29 01:08:00,10.766
"1142",2015-11-01 22:23:00,23.154
"1143",2015-10-29 16:18:00,4.356
"1144",2015-11-02 14:48:00,1.396
"1145",2015-11-01 13:03:00,1.15
"1146",2015-10-30 22:43:00,34.566
"1147",2015-10-29 20:13:00,9.258
"1148",2015-11-01 10:58:00,0.994
"1149",2015-10-30 16:18:00,4.482
"1150",2015-11-02 06:03:00,1.908
"1151",2015-10-30 01:13:00,15.524
"1152",2015-11-01 04:48:00,4.508
"1153",2015-10-31 00:28:00,37.208
"1154",2015-10-31 02:08:00,13.942
"1155",2015-10-30 09:28:00,0.96
"1156",2015-11-01 18:58:00,6.834
"1157",2015-10-29 22:23:00,17.976
"1158",2015-11-02 20:48:00,4.89
"1159",2015-10-31 07:23:00,1.342
"1160",2015-10-29 23:18:00,19.824
"1161",2015-11-02 19:08:00,4.568
"1162",2015-11-01 07:28:00,1.368
"1163",2015-10-29 18:18:00,5.134
"1164",2015-11-02 12:58:00,0.976
"1165",2015-10-30 22:38:00,34.35
"1166",2015-10-29 14:38:00,2.266
"1167",2015-11-01 02:03:00,15.936
"1168",2015-10-29 20:18:00,8.494
"1169",2015-10-30 07:18:00,1.09
"1170",2015-11-02 00:03:00,25.502
"1171",2015-10-31 20:43:00,26.9
"1172",2015-11-02 05:33:00,1.85
"1173",2015-10-31 11:43:00,1.312
"1174",2015-11-01 07:48:00,1.376
"1175",2015-10-29 23:43:00,16.392
"1176",2015-10-29 04:33:00,2.768
"1177",2015-10-30 21:23:00,23.082
"1178",2015-10-31 08:23:00,1.116
"1179",2015-10-31 01:18:00,20.934
"1180",2015-10-29 15:53:00,3.526
"1181",2015-11-01 12:13:00,1
"1182",2015-11-02 22:38:00,9.216
"1183",2015-10-29 20:58:00,11.732
"1184",2015-10-30 03:28:00,4.602
"1185",2015-11-02 04:08:00,2.974
"1186",2015-10-29 09:08:00,1.032
"1187",2015-10-30 18:58:00,7.274
"1188",2015-10-30 13:23:00,1.45
"1189",2015-10-30 20:23:00,13.408
"1190",2015-10-29 07:03:00,1.156
"1191",2015-11-02 17:38:00,3.526
"1192",2015-11-01 09:38:00,0.95
"1193",2015-10-31 16:08:00,4.962
"1194",2015-11-01 13:33:00,1.218
"1195",2015-10-29 11:23:00,1.124
"1196",2015-11-02 19:48:00,3.758
"1197",2015-10-30 06:58:00,1.31
"1198",2015-10-30 10:28:00,1.148
"1199",2015-11-02 09:53:00,0.906
"1200",2015-10-31 23:18:00,47.926
"1201",2015-11-01 19:08:00,8.772
"1202",2015-10-30 13:18:00,1.472
"1203",2015-10-29 05:28:00,1.466
"1204",2015-11-02 00:43:00,18.214
"1205",2015-10-30 04:58:00,2.71
"1206",2015-10-29 01:33:00,9.7
"1207",2015-11-02 11:23:00,0.892
"1208",2015-10-29 15:48:00,4.264
"1209",2015-10-29 15:18:00,4.076
"1210",2015-10-29 19:13:00,6.576
"1211",2015-11-01 15:53:00,3.222
"1212",2015-10-31 02:48:00,9.598
"1213",2015-10-29 05:43:00,1.868
"1214",2015-10-31 06:48:00,1.658
"1215",2015-11-02 17:48:00,3.244
"1216",2015-11-02 22:53:00,8.702
"1217",2015-10-31 01:28:00,20.4
"1218",2015-11-01 08:18:00,1.364
"1219",2015-10-29 15:38:00,3.264
"1220",2015-10-31 13:23:00,1.9
"1221",2015-10-31 06:38:00,1.9
"1222",2015-10-31 19:53:00,18.326
"1223",2015-10-29 16:53:00,3.71
"1224",2015-11-02 01:28:00,13.686
"1225",2015-10-29 03:13:00,3.94
"1226",2015-10-30 14:23:00,2.542
"1227",2015-10-29 20:38:00,11.234
"1228",2015-10-30 00:28:00,16.284
"1229",2015-11-02 04:43:00,2.64
"1230",2015-10-31 00:48:00,31.074
"1231",2015-10-31 18:18:00,9.618
"1232",2015-11-01 11:23:00,1.042
"1233",2015-11-02 02:03:00,9.54
"1234",2015-11-02 01:23:00,13.838
"1235",2015-10-29 22:13:00,17.558
"1236",2015-10-31 14:58:00,3.816
"1237",2015-10-30 02:18:00,7.074
"1238",2015-11-02 03:58:00,4.308
"1239",2015-10-31 10:58:00,0.946
"1240",2015-11-01 03:08:00,8.6
"1241",2015-11-01 19:18:00,7.818
"1242",2015-11-01 07:23:00,1.574
"1243",2015-10-29 07:18:00,1.076
"1244",2015-10-29 19:53:00,6.912
"1245",2015-10-30 07:43:00,1.036
"1246",2015-11-01 14:18:00,1.602
"1247",2015-11-02 15:23:00,1.894
"1248",2015-11-02 09:08:00,0.842
"1249",2015-10-29 20:48:00,10.902
"1250",2015-11-01 08:43:00,1.408
"1251",2015-11-02 14:53:00,1.676
"1252",2015-11-01 03:13:00,8.918
"1253",2015-10-30 01:38:00,9.118
"1254",2015-10-31 10:03:00,1.124
"1255",2015-11-01 18:48:00,7.536
"1256",2015-11-02 13:43:00,0.982
"1257",2015-10-31 09:53:00,0.994
"1258",2015-11-02 21:58:00,6.582
"1259",2015-10-30 11:08:00,1.062
"1260",2015-11-01 14:38:00,1.798
"1261",2015-11-02 21:28:00,5.66
"1262",2015-10-29 14:43:00,2.198
"1263",2015-11-01 12:28:00,1.05
"1264",2015-11-02 21:03:00,5.522
"1265",2015-11-02 16:43:00,3.49
"1266",2015-10-30 12:53:00,1.486
"1267",2015-11-01 23:38:00,22.27
"1268",2015-10-30 12:03:00,1.492
"1269",2015-10-29 03:43:00,3.392
"1270",2015-11-02 11:03:00,0.892
"1271",2015-11-01 10:43:00,1.116
"1272",2015-11-01 20:18:00,12.318
"1273",2015-11-01 07:43:00,1.308
"1274",2015-11-02 01:18:00,14.868
"1275",2015-10-29 13:18:00,1.384
"1276",2015-10-31 21:03:00,21.644
"1277",2015-11-02 12:18:00,0.982
"1278",2015-11-01 12:18:00,1.172
"1279",2015-10-30 06:28:00,1.19
"1280",2015-10-31 20:03:00,21.8
"1281",2015-10-31 07:58:00,1.122
"1282",2015-10-31 11:18:00,1.09
"1283",2015-11-02 19:03:00,4.44
"1284",2015-10-29 18:23:00,5.066
"1285",2015-11-01 09:58:00,1.106
"1286",2015-10-31 19:13:00,12.082
"1287",2015-11-02 22:08:00,8.584
"1288",2015-10-30 21:08:00,18.426
"1289",2015-10-31 01:38:00,17.21
"1290",2015-11-02 11:38:00,0.972
"1291",2015-11-01 11:13:00,0.998
"1292",2015-11-01 15:18:00,1.96
"1293",2015-11-02 18:03:00,3.134
"1294",2015-11-02 06:43:00,1.394
"1295",2015-10-31 18:38:00,9.69
"1296",2015-10-31 15:08:00,3.35
"1297",2015-10-29 14:33:00,2.276
"1298",2015-11-02 12:48:00,0.94
"1299",2015-11-02 14:58:00,1.466
"1300",2015-10-30 17:43:00,5.618
"1301",2015-11-02 08:48:00,0.886
"1302",2015-11-01 18:53:00,9.066
"1303",2015-11-01 23:33:00,20.808
"1304",2015-10-29 01:03:00,10.492
"1305",2015-10-29 12:03:00,1.1
"1306",2015-11-01 07:03:00,1.75
"1307",2015-11-01 10:33:00,0.888
"1308",2015-11-01 09:23:00,1.092
"1309",2015-10-31 15:53:00,4.126
"1310",2015-11-02 12:38:00,1.004
"1311",2015-11-02 13:13:00,1.038
"1312",2015-11-01 15:33:00,2.274
"1313",2015-11-01 12:48:00,1.044
"1314",2015-11-01 13:58:00,1.342
"1315",2015-10-31 03:43:00,5.2
"1316",2015-11-01 23:48:00,20.312
"1317",2015-10-30 04:38:00,2.56
"1318",2015-10-29 03:48:00,3.366
"1319",2015-11-01 10:38:00,0.928
"1320",2015-10-30 22:53:00,44.432
"1321",2015-11-01 21:58:00,22.288
"1322",2015-11-01 16:08:00,3.924
"1323",2015-11-02 16:08:00,2.292
"1324",2015-10-31 05:58:00,2.408
"1325",2015-10-29 00:33:00,16.858
"1326",2015-10-29 06:23:00,1.034
"1327",2015-11-01 17:38:00,5.972
"1328",2015-11-01 00:23:00,41.57
"1329",2015-10-31 22:28:00,43.808
"1330",2015-11-02 18:28:00,3.344
"1331",2015-10-30 13:58:00,2.61
"1332",2015-11-01 21:28:00,16.826
"1333",2015-11-01 02:13:00,13.5
"1334",2015-11-01 08:53:00,1.102
"1335",2015-10-31 22:38:00,46.884
"1336",2015-11-01 21:38:00,18.04
"1337",2015-10-31 05:18:00,3.518
"1338",2015-10-29 10:23:00,0.934
"1339",2015-10-31 08:38:00,0.91
"1340",2015-10-31 00:53:00,28.864
"1341",2015-10-31 13:08:00,1.618
"1342",2015-10-31 02:58:00,8.304
"1343",2015-11-01 15:48:00,3.834
"1344",2015-11-01 16:38:00,5.224
"1345",2015-10-29 00:43:00,12.84
"1346",2015-11-02 09:33:00,1.042
"1347",2015-10-29 08:58:00,1.05
"1348",2015-10-29 17:08:00,3.5
"1349",2015-10-30 14:18:00,2.156
"1350",2015-11-02 07:08:00,1.042
"1351",2015-10-31 23:48:00,44.926
"1352",2015-10-30 15:23:00,4.202
"1353",2015-10-30 22:13:00,26.846
"1354",2015-11-01 18:38:00,7.74
"1355",2015-10-30 06:08:00,1.484
"1356",2015-10-31 01:33:00,15.39
"1357",2015-11-02 09:23:00,1.066
"1358",2015-10-30 05:53:00,1.768
"1359",2015-10-30 05:03:00,2.102
"1360",2015-10-29 12:23:00,1.236
"1361",2015-11-01 02:48:00,11.478
"1362",2015-11-02 16:18:00,2.898
"1363",2015-11-01 21:48:00,19.834
"1364",2015-11-01 23:18:00,27.874
"1365",2015-10-31 20:38:00,23.792
"1366",2015-11-02 16:13:00,2.9
"1367",2015-10-29 13:28:00,1.51
"1368",2015-11-01 16:33:00,4.592
"1369",2015-10-31 17:43:00,7.738
"1370",2015-11-02 10:03:00,0.85
"1371",2015-11-02 14:13:00,1.232
"1372",2015-10-29 01:53:00,7.742
"1373",2015-11-01 04:03:00,6.026
"1374",2015-11-02 11:08:00,0.848
"1375",2015-10-29 12:33:00,1.228
"1376",2015-11-01 00:03:00,42.766
"1377",2015-11-01 08:28:00,1.092
"1378",2015-11-02 21:48:00,7.742
"1379",2015-10-29 11:43:00,1.258
"1380",2015-10-31 06:28:00,1.846
"1381",2015-10-31 08:13:00,1.232
"1382",2015-11-02 08:38:00,1.132
"1383",2015-10-30 19:58:00,9
"1384",2015-11-02 12:33:00,0.94
"1385",2015-10-30 11:53:00,1.176
"1386",2015-10-29 02:43:00,5.974
"1387",2015-10-30 18:48:00,6.326
"1388",2015-10-29 19:08:00,6.624
"1389",2015-10-30 16:48:00,4.41
"1390",2015-10-31 00:33:00,35.88
"1391",2015-10-29 03:23:00,3.884
"1392",2015-10-31 09:23:00,0.932
"1393",2015-10-31 09:58:00,1.058
"1394",2015-11-02 05:28:00,1.774
"1395",2015-11-02 15:53:00,1.758
"1396",2015-11-02 19:28:00,3.708
"1397",2015-11-01 19:23:00,8.316
"1398",2015-10-29 08:08:00,1.038
"1399",2015-10-31 01:08:00,23.682
"1400",2015-10-30 21:53:00,25.392
"1401",2015-10-31 21:43:00,35.234
"1402",2015-11-02 20:38:00,6.494
"1403",2015-10-31 08:53:00,1.216
"1404",2015-10-29 17:48:00,5.252
"1405",2015-10-29 14:23:00,2.126
"1406",2015-10-31 19:43:00,19.858
"1407",2015-11-02 15:18:00,1.378
"1408",2015-11-01 06:28:00,2.218
"1409",2015-11-01 02:58:00,8.4
"1410",2015-11-02 13:48:00,1.11
"1411",2015-11-02 22:48:00,8.968
"1412",2015-11-02 10:18:00,0.848
"1413",2015-10-31 12:23:00,1.16
"1414",2015-10-29 10:03:00,1.104
"1415",2015-10-30 18:53:00,5.692
"1416",2015-11-02 14:08:00,1.284
"1417",2015-10-30 09:38:00,0.942
"1418",2015-10-30 20:13:00,11.942
"1419",2015-10-30 15:28:00,3.982
"1420",2015-10-29 21:13:00,14.83
"1421",2015-10-30 04:48:00,2.158
"1422",2015-11-02 19:43:00,4.748
"1423",2015-10-30 23:43:00,36.664
"1424",2015-11-02 18:13:00,3.102
"1425",2015-10-31 06:18:00,2.324
"1426",2015-11-02 08:13:00,0.99
"1427",2015-10-29 14:28:00,2.554
"1428",2015-10-30 19:03:00,5.778
"1429",2015-11-02 15:33:00,2.132
"1430",2015-10-30 17:58:00,5.628
"1431",2015-10-30 09:23:00,1.004
"1432",2015-11-02 03:03:00,6.176
"1433",2015-10-30 18:13:00,5.334
"1434",2015-11-01 11:38:00,1.03
"1435",2015-10-29 09:58:00,0.972
"1436",2015-10-29 01:23:00,9.658
"1437",2015-11-01 01:08:00,20.908
"1438",2015-10-31 03:48:00,6.476
"1439",2015-11-01 06:58:00,1.632
"1440",2015-11-02 01:33:00,12.622
